Subject,Grade,Count
Machine_Learning,S,16
Machine_Learning,A,31
Machine_Learning,B,47
Machine_Learning,C,36
Machine_Learning,D,10
Machine_Learning,E,11
Machine_Learning,F,9
Cloud_Computing,S,14
Cloud_Computing,A,41
Cloud_Computing,B,38
Cloud_Computing,C,33
Cloud_Computing,D,12
Cloud_Computing,E,17
Cloud_Computing,F,5
Data_Mining,S,27
Data_Mining,A,29
Data_Mining,B,41
Data_Mining,C,35
Data_Mining,D,10
Data_Mining,E,7
Data_Mining,F,11
Artificial_Intelligence,S,20
Artificial_Intelligence,A,25
Artificial_Intelligence,B,44
Artificial_Intelligence,C,30
Artificial_Intelligence,D,21
Artificial_Intelligence,E,10
Artificial_Intelligence,F,10
Compiler_Design,S,21
Compiler_Design,A,31
Compiler_Design,B,41
Compiler_Design,C,30
Compiler_Design,D,10
Compiler_Design,E,11
Compiler_Design,F,16
Distributed_Systems,S,19
Distributed_Systems,A,34
Distributed_Systems,B,43
Distributed_Systems,C,30
Distributed_Systems,D,20
Distributed_Systems,E,11
Distributed_Systems,F,3
