InvoiceNo,StockCode,Description,Quantity,UnitPrice,CustomerID,Country
INV541000,GER-27668,Postage,4,2.06,12448,Germany
INV541000,GER-28478,Red Toadstool Led Night Light,9,11.43,12730,Germany
INV541000,GER-27429,Woodland Charlotte Bag,2,12.35,12579,Germany
INV541000,GER-21389,6 Ribbons Rustique Charm,9,3.1,12698,Germany
INV541001,GER-27305,Regency Tea Strainer,6,10.01,12431,Germany
INV541001,GER-20883,Postage,1,15.52,12584,Germany
INV541001,GER-21505,Plasters In Tin Spaceboy,2,16.3,12712,Germany
INV541001,GER-22914,Round Snack Boxes Set Of 4 Woodland,1,16.96,12412,Germany
INV541002,GER-24115,Regency Tea Strainer,7,5.47,12436,Germany
INV541002,GER-26181,Woodland Charlotte Bag,9,17.2,12515,Germany
INV541003,GER-22653,Round Snack Boxes Set Of 4 Woodland,9,4.87,12722,Germany
INV541003,GER-29475,Postage,3,11.58,12597,Germany
INV541003,GER-25185,Ivory Kitchen Scales,2,9.9,12434,Germany
INV541003,GER-22692,Plasters In Tin Spaceboy,2,2.46,12485,Germany
INV541003,GER-20739,Spaceboy Lunch Box,7,17.96,12513,Germany
INV541004,GER-26353,Round Snack Boxes Set Of 4 Woodland,3,14.77,12614,Germany
INV541004,GER-25412,Ivory Kitchen Scales,5,11.04,12612,Germany
INV541004,GER-22449,Plasters In Tin Circus Camber,1,10.88,12636,Germany
INV541004,GER-26085,Woodland Charlotte Bag,9,7.91,12540,Germany
INV541004,GER-21640,Red Toadstool Led Night Light,7,12.09,12640,Germany
INV541005,GER-23081,Ivory Kitchen Scales,2,5.67,12574,Germany
INV541005,GER-29926,Red Toadstool Led Night Light,4,10.4,12750,Germany
INV541005,GER-24055,Woodland Charlotte Bag,3,15.8,12596,Germany
INV541005,GER-20577,Plasters In Tin Spaceboy,7,7.03,12743,Germany
INV541006,GER-27879,6 Ribbons Rustique Charm,9,7.8,12519,Germany
INV541006,GER-22777,Plasters In Tin Circus Camber,2,17.31,12568,Germany
INV541006,GER-24361,Postage,4,17.18,12719,Germany
INV541006,GER-20770,Red Toadstool Led Night Light,7,11.99,12522,Germany
INV541007,GER-27450,6 Ribbons Rustique Charm,10,13.06,12611,Germany
INV541007,GER-27615,Plasters In Tin Spaceboy,3,3.16,12442,Germany
INV541007,GER-28035,Regency Tea Strainer,9,5.78,12403,Germany
INV541008,GER-26795,Round Snack Boxes Set Of 4 Woodland,1,14.81,12654,Germany
INV541008,GER-29343,Woodland Charlotte Bag,2,2.98,12588,Germany
INV541008,GER-21244,Postage,1,16.48,12594,Germany
INV541008,GER-23416,Plasters In Tin Spaceboy,9,8.35,12497,Germany
INV541009,GER-25578,Ivory Kitchen Scales,9,13.65,12704,Germany
INV541009,GER-27551,Plasters In Tin Circus Camber,1,3.32,12729,Germany
INV541009,GER-22982,6 Ribbons Rustique Charm,9,17.93,12451,Germany
INV541010,GER-20307,Postage,10,5.25,12627,Germany
INV541010,GER-21089,Plasters In Tin Circus Camber,6,11.83,12713,Germany
INV541010,GER-28806,Ivory Kitchen Scales,10,12.58,12599,Germany
INV541010,GER-26248,Regency Tea Strainer,8,4.3,12735,Germany
INV541011,GER-22639,Woodland Charlotte Bag,5,13.29,12671,Germany
INV541011,GER-20388,Spaceboy Lunch Box,8,2.98,12618,Germany
INV541011,GER-23969,6 Ribbons Rustique Charm,3,10.84,12583,Germany
INV541011,GER-24452,Postage,8,14.6,12721,Germany
INV541011,GER-24720,Regency Tea Strainer,8,3.96,12448,Germany
INV541012,GER-27561,Plasters In Tin Circus Camber,7,5.84,12499,Germany
INV541012,GER-24727,Spaceboy Lunch Box,2,3.25,12427,Germany
INV541012,GER-28980,Ivory Kitchen Scales,1,2.11,12462,Germany
INV541013,GER-21569,6 Ribbons Rustique Charm,8,2.21,12501,Germany
INV541013,GER-28683,Red Toadstool Led Night Light,3,13.12,12437,Germany
INV541013,GER-25272,Spaceboy Lunch Box,3,13.65,12556,Germany
INV541013,GER-23629,Plasters In Tin Circus Camber,2,5.69,12572,Germany
INV541013,GER-22486,Ivory Kitchen Scales,2,15.16,12606,Germany
INV541014,GER-23248,Postage,10,14.04,12446,Germany
INV541014,GER-28177,Woodland Charlotte Bag,3,12.12,12657,Germany
INV541014,GER-22145,Ivory Kitchen Scales,6,16.9,12731,Germany
INV541014,GER-25350,Round Snack Boxes Set Of 4 Woodland,2,7.69,12568,Germany
INV541014,GER-28811,Red Toadstool Led Night Light,6,12.19,12480,Germany
INV541015,GER-22792,Red Toadstool Led Night Light,6,11.15,12405,Germany
INV541015,GER-27839,Postage,10,13.42,12539,Germany
INV541015,GER-29367,Woodland Charlotte Bag,5,7.66,12556,Germany
INV541015,GER-24822,Ivory Kitchen Scales,9,4.28,12469,Germany
INV541015,GER-26901,6 Ribbons Rustique Charm,9,10.19,12487,Germany
INV541016,GER-23466,Ivory Kitchen Scales,5,10.1,12417,Germany
INV541016,GER-28952,6 Ribbons Rustique Charm,10,11.75,12600,Germany
INV541017,GER-25646,Spaceboy Lunch Box,1,8.98,12716,Germany
INV541017,GER-25492,Postage,5,7.26,12551,Germany
INV541017,GER-26689,Red Toadstool Led Night Light,8,11.68,12421,Germany
INV541017,GER-27565,Regency Tea Strainer,2,13.19,12447,Germany
INV541017,GER-25813,Plasters In Tin Spaceboy,3,17.36,12462,Germany
INV541018,GER-29250,Regency Tea Strainer,6,9.99,12578,Germany
INV541018,GER-25464,Plasters In Tin Spaceboy,6,7.58,12677,Germany
INV541018,GER-20305,Postage,8,3.87,12460,Germany
INV541019,GER-26993,6 Ribbons Rustique Charm,5,2.87,12591,Germany
INV541019,GER-27361,Postage,9,13.29,12635,Germany
INV541019,GER-22106,Round Snack Boxes Set Of 4 Woodland,8,4.38,12615,Germany
INV541019,GER-26761,Plasters In Tin Circus Camber,1,9.57,12686,Germany
INV541019,GER-27629,Woodland Charlotte Bag,9,2.72,12455,Germany
INV541020,GER-25149,Regency Tea Strainer,8,3.17,12631,Germany
INV541020,GER-26951,Spaceboy Lunch Box,10,11.2,12551,Germany
INV541020,GER-21644,6 Ribbons Rustique Charm,4,17.38,12562,Germany
INV541020,GER-20424,Postage,7,3.67,12669,Germany
INV541020,GER-22307,Round Snack Boxes Set Of 4 Woodland,6,15.51,12632,Germany
INV541021,GER-27482,6 Ribbons Rustique Charm,4,11.13,12611,Germany
INV541021,GER-25919,Spaceboy Lunch Box,6,6.34,12634,Germany
INV541021,GER-26848,Round Snack Boxes Set Of 4 Woodland,4,7.06,12506,Germany
INV541021,GER-26466,Plasters In Tin Circus Camber,8,13.33,12612,Germany
INV541022,GER-26417,Red Toadstool Led Night Light,7,8.61,12662,Germany
INV541022,GER-29355,Regency Tea Strainer,1,16.05,12448,Germany
INV541022,GER-22380,Plasters In Tin Circus Camber,7,8.04,12719,Germany
INV541022,GER-23849,Spaceboy Lunch Box,8,2.6,12686,Germany
INV541023,GER-26546,Woodland Charlotte Bag,5,4.51,12527,Germany
INV541023,GER-24542,Plasters In Tin Circus Camber,7,14.99,12483,Germany
INV541023,GER-28404,Red Toadstool Led Night Light,7,8.12,12495,Germany
INV541023,GER-26629,Regency Tea Strainer,10,14.72,12574,Germany
INV541024,GER-22314,Spaceboy Lunch Box,4,13.36,12582,Germany
INV541024,GER-29228,Red Toadstool Led Night Light,4,8.27,12498,Germany
INV541024,GER-21035,Regency Tea Strainer,9,16.84,12737,Germany
INV541024,GER-23295,Postage,5,3.38,12553,Germany
INV541024,GER-29653,6 Ribbons Rustique Charm,2,5.57,12589,Germany
INV541025,GER-20583,6 Ribbons Rustique Charm,3,14.2,12489,Germany
INV541025,GER-22296,Plasters In Tin Spaceboy,3,11.91,12705,Germany
INV541025,GER-29148,Plasters In Tin Circus Camber,6,1.83,12540,Germany
INV541026,GER-21625,Regency Tea Strainer,2,15.1,12692,Germany
INV541026,GER-26386,Ivory Kitchen Scales,9,17.48,12708,Germany
INV541026,GER-26655,Red Toadstool Led Night Light,1,3.33,12579,Germany
INV541027,GER-23807,Plasters In Tin Circus Camber,5,3.58,12582,Germany
INV541027,GER-20003,Round Snack Boxes Set Of 4 Woodland,6,2.12,12721,Germany
INV541027,GER-25934,6 Ribbons Rustique Charm,2,3.69,12749,Germany
INV541027,GER-26366,Woodland Charlotte Bag,7,10.9,12511,Germany
INV541028,GER-23001,Red Toadstool Led Night Light,2,11.23,12496,Germany
INV541028,GER-20638,Ivory Kitchen Scales,2,17.97,12748,Germany
INV541028,GER-27247,6 Ribbons Rustique Charm,1,14.23,12428,Germany
INV541029,GER-20252,Regency Tea Strainer,9,8.04,12406,Germany
INV541029,GER-20011,Red Toadstool Led Night Light,7,3.17,12720,Germany
INV541029,GER-27554,Spaceboy Lunch Box,5,9.42,12441,Germany
INV541029,GER-28954,Ivory Kitchen Scales,8,14.32,12493,Germany
INV541029,GER-28919,Round Snack Boxes Set Of 4 Woodland,1,7.89,12508,Germany
INV541030,GER-24796,Spaceboy Lunch Box,8,13.3,12587,Germany
INV541030,GER-28374,Postage,7,10.11,12698,Germany
INV541031,GER-27065,Plasters In Tin Circus Camber,8,9.9,12459,Germany
INV541031,GER-22332,6 Ribbons Rustique Charm,6,12.72,12424,Germany
INV541031,GER-23849,Regency Tea Strainer,3,2.78,12506,Germany
INV541031,GER-24548,Red Toadstool Led Night Light,8,8.14,12460,Germany
INV541031,GER-29599,Postage,6,9.81,12700,Germany
INV541032,GER-22210,Round Snack Boxes Set Of 4 Woodland,9,5.54,12406,Germany
INV541032,GER-27556,6 Ribbons Rustique Charm,3,3.2,12705,Germany
INV541032,GER-29245,Ivory Kitchen Scales,1,3.95,12474,Germany
INV541032,GER-20977,Plasters In Tin Circus Camber,2,6.7,12679,Germany
INV541032,GER-22883,Regency Tea Strainer,3,16.46,12531,Germany
INV541033,GER-20274,Postage,3,15.1,12496,Germany
INV541033,GER-27567,6 Ribbons Rustique Charm,3,12.44,12567,Germany
INV541033,GER-26152,Round Snack Boxes Set Of 4 Woodland,9,11.49,12485,Germany
INV541034,GER-24699,Spaceboy Lunch Box,3,9.42,12586,Germany
INV541034,GER-27187,Woodland Charlotte Bag,3,4.92,12529,Germany
INV541034,GER-29707,6 Ribbons Rustique Charm,5,7.01,12722,Germany
INV541034,GER-25547,Red Toadstool Led Night Light,8,5.68,12555,Germany
INV541034,GER-21927,Round Snack Boxes Set Of 4 Woodland,6,11.76,12423,Germany
INV541035,GER-27675,Ivory Kitchen Scales,9,6.63,12667,Germany
INV541035,GER-27588,6 Ribbons Rustique Charm,8,2.91,12672,Germany
INV541035,GER-27860,Postage,8,11.51,12464,Germany
INV541036,GER-23053,Round Snack Boxes Set Of 4 Woodland,1,3.68,12438,Germany
INV541036,GER-29988,Regency Tea Strainer,2,7.52,12637,Germany
INV541036,GER-28614,Plasters In Tin Spaceboy,3,4.62,12493,Germany
INV541036,GER-28957,Red Toadstool Led Night Light,9,11.3,12475,Germany
INV541036,GER-27865,6 Ribbons Rustique Charm,5,3.96,12407,Germany
INV541037,GER-21965,Round Snack Boxes Set Of 4 Woodland,6,10.81,12652,Germany
INV541037,GER-27850,Ivory Kitchen Scales,2,13.48,12728,Germany
INV541037,GER-27292,Plasters In Tin Spaceboy,3,13.47,12439,Germany
INV541037,GER-23974,Spaceboy Lunch Box,2,4.72,12488,Germany
INV541038,GER-28631,Plasters In Tin Spaceboy,7,16.11,12459,Germany
INV541038,GER-28502,Ivory Kitchen Scales,10,10.33,12555,Germany
INV541038,GER-23988,Red Toadstool Led Night Light,7,5.85,12414,Germany
INV541039,GER-27480,Spaceboy Lunch Box,10,7.04,12748,Germany
INV541039,GER-26578,Ivory Kitchen Scales,4,14.83,12666,Germany
INV541039,GER-28270,Woodland Charlotte Bag,2,2.11,12728,Germany
INV541039,GER-22923,6 Ribbons Rustique Charm,5,8.45,12612,Germany
INV541040,GER-23674,Red Toadstool Led Night Light,1,5.71,12403,Germany
INV541040,GER-25332,6 Ribbons Rustique Charm,2,5.41,12558,Germany
INV541041,GER-28285,Plasters In Tin Spaceboy,9,15.67,12641,Germany
INV541041,GER-21990,Postage,3,6.63,12468,Germany
INV541041,GER-25594,Red Toadstool Led Night Light,2,14.23,12538,Germany
INV541041,GER-29992,Spaceboy Lunch Box,10,4.99,12707,Germany
INV541042,GER-20996,Woodland Charlotte Bag,3,4.85,12407,Germany
INV541042,GER-24949,Ivory Kitchen Scales,9,13.79,12449,Germany
INV541042,GER-23799,Round Snack Boxes Set Of 4 Woodland,2,14.71,12688,Germany
INV541043,GER-26590,6 Ribbons Rustique Charm,7,8.73,12743,Germany
INV541043,GER-21856,Regency Tea Strainer,3,16.66,12576,Germany
INV541043,GER-23611,Ivory Kitchen Scales,2,14.35,12742,Germany
INV541043,GER-21027,Red Toadstool Led Night Light,10,7.86,12411,Germany
INV541044,GER-25398,Plasters In Tin Spaceboy,2,17.0,12648,Germany
INV541044,GER-27648,Plasters In Tin Circus Camber,9,11.77,12430,Germany
INV541044,GER-28001,Spaceboy Lunch Box,8,13.83,12659,Germany
INV541045,GER-26647,Ivory Kitchen Scales,3,10.13,12711,Germany
INV541045,GER-21873,Spaceboy Lunch Box,10,7.16,12508,Germany
INV541045,GER-21108,Postage,5,7.22,12580,Germany
INV541046,GER-26185,Woodland Charlotte Bag,5,8.45,12683,Germany
INV541046,GER-27940,Red Toadstool Led Night Light,2,5.56,12635,Germany
INV541046,GER-21071,Regency Tea Strainer,9,13.86,12592,Germany
INV541046,GER-20892,Plasters In Tin Spaceboy,6,2.32,12402,Germany
INV541047,GER-24486,Regency Tea Strainer,3,16.2,12634,Germany
INV541047,GER-26868,Plasters In Tin Spaceboy,1,11.92,12612,Germany
INV541047,GER-27309,Woodland Charlotte Bag,9,17.37,12412,Germany
INV541047,GER-29380,Red Toadstool Led Night Light,5,14.14,12538,Germany
INV541048,GER-27713,Red Toadstool Led Night Light,3,15.68,12526,Germany
INV541048,GER-20723,Round Snack Boxes Set Of 4 Woodland,6,4.42,12610,Germany
INV541048,GER-29415,Ivory Kitchen Scales,2,4.63,12710,Germany
INV541048,GER-22339,Plasters In Tin Spaceboy,2,7.9,12732,Germany
INV541049,GER-28410,Woodland Charlotte Bag,7,15.45,12427,Germany
INV541049,GER-22022,Spaceboy Lunch Box,5,10.33,12585,Germany
INV541049,GER-22679,Red Toadstool Led Night Light,3,16.86,12492,Germany
INV541050,GER-21203,Postage,1,10.51,12682,Germany
INV541050,GER-26526,Spaceboy Lunch Box,4,13.84,12453,Germany
INV541050,GER-26672,Woodland Charlotte Bag,8,13.48,12423,Germany
INV541050,GER-28445,Ivory Kitchen Scales,3,13.41,12482,Germany
INV541051,GER-21161,Plasters In Tin Circus Camber,7,9.98,12495,Germany
INV541051,GER-20117,Regency Tea Strainer,3,10.5,12548,Germany
INV541051,GER-29802,Round Snack Boxes Set Of 4 Woodland,3,8.01,12592,Germany
INV541051,GER-23315,Woodland Charlotte Bag,2,3.16,12419,Germany
INV541052,GER-27219,Woodland Charlotte Bag,6,4.4,12644,Germany
INV541052,GER-29553,Round Snack Boxes Set Of 4 Woodland,7,3.52,12465,Germany
INV541053,GER-23061,Red Toadstool Led Night Light,9,8.29,12718,Germany
INV541053,GER-28478,Round Snack Boxes Set Of 4 Woodland,4,12.66,12740,Germany
INV541054,GER-27007,Plasters In Tin Circus Camber,2,3.75,12726,Germany
INV541054,GER-22754,Spaceboy Lunch Box,10,13.6,12565,Germany
INV541055,GER-28101,Ivory Kitchen Scales,4,15.56,12740,Germany
INV541055,GER-21727,Plasters In Tin Circus Camber,6,10.9,12556,Germany
INV541055,GER-27238,Red Toadstool Led Night Light,8,6.45,12416,Germany
INV541055,GER-20645,Spaceboy Lunch Box,2,2.38,12723,Germany
INV541056,GER-23492,Round Snack Boxes Set Of 4 Woodland,5,6.68,12664,Germany
INV541056,GER-23697,Postage,6,12.39,12500,Germany
INV541057,GER-21317,Plasters In Tin Circus Camber,7,12.18,12421,Germany
INV541057,GER-28508,Round Snack Boxes Set Of 4 Woodland,1,4.17,12586,Germany
INV541057,GER-21874,Woodland Charlotte Bag,5,8.74,12699,Germany
INV541057,GER-25063,Regency Tea Strainer,9,8.84,12685,Germany
INV541057,GER-27971,Postage,7,10.1,12437,Germany
INV541058,GER-21475,Postage,5,15.85,12415,Germany
INV541058,GER-27557,Red Toadstool Led Night Light,3,11.89,12640,Germany
INV541058,GER-27602,Round Snack Boxes Set Of 4 Woodland,10,5.4,12622,Germany
INV541059,GER-22476,Regency Tea Strainer,8,3.29,12633,Germany
INV541059,GER-22653,6 Ribbons Rustique Charm,10,2.21,12680,Germany
INV541059,GER-22885,Postage,3,17.76,12603,Germany
INV541059,GER-20674,Woodland Charlotte Bag,1,12.93,12593,Germany
INV541059,GER-28162,Round Snack Boxes Set Of 4 Woodland,8,17.64,12616,Germany
INV541060,GER-27891,Plasters In Tin Circus Camber,5,7.81,12496,Germany
INV541060,GER-25657,Woodland Charlotte Bag,10,2.44,12609,Germany
INV541060,GER-25992,Red Toadstool Led Night Light,6,3.82,12722,Germany
INV541060,GER-26692,Plasters In Tin Spaceboy,4,7.83,12487,Germany
INV541061,GER-28745,Spaceboy Lunch Box,8,12.35,12570,Germany
INV541061,GER-20477,Regency Tea Strainer,8,13.76,12647,Germany
INV541061,GER-22351,Red Toadstool Led Night Light,8,14.87,12450,Germany
INV541061,GER-22745,Postage,3,9.16,12600,Germany
INV541062,GER-24333,Spaceboy Lunch Box,2,11.55,12564,Germany
INV541062,GER-21280,Plasters In Tin Circus Camber,6,10.2,12468,Germany
INV541062,GER-25708,Round Snack Boxes Set Of 4 Woodland,10,13.16,12625,Germany
INV541063,GER-24943,Plasters In Tin Circus Camber,5,15.95,12497,Germany
INV541063,GER-22724,Round Snack Boxes Set Of 4 Woodland,1,17.26,12721,Germany
INV541064,GER-21990,Spaceboy Lunch Box,3,13.85,12535,Germany
INV541064,GER-28559,6 Ribbons Rustique Charm,9,17.42,12586,Germany
INV541064,GER-26375,Red Toadstool Led Night Light,6,5.15,12643,Germany
INV541064,GER-27484,Plasters In Tin Circus Camber,7,1.99,12636,Germany
INV541065,GER-22265,Round Snack Boxes Set Of 4 Woodland,2,9.09,12400,Germany
INV541065,GER-24250,Ivory Kitchen Scales,2,14.53,12494,Germany
INV541065,GER-22825,Spaceboy Lunch Box,10,5.53,12697,Germany
INV541065,GER-21178,Regency Tea Strainer,7,6.61,12470,Germany
INV541066,GER-22029,Red Toadstool Led Night Light,4,11.86,12543,Germany
INV541066,GER-29827,6 Ribbons Rustique Charm,4,11.56,12483,Germany
INV541066,GER-21839,Round Snack Boxes Set Of 4 Woodland,3,17.59,12442,Germany
INV541066,GER-26487,Ivory Kitchen Scales,8,13.24,12719,Germany
INV541067,GER-25783,Plasters In Tin Circus Camber,7,3.35,12672,Germany
INV541067,GER-23173,Spaceboy Lunch Box,4,5.21,12701,Germany
INV541067,GER-28066,Red Toadstool Led Night Light,10,16.67,12684,Germany
INV541067,GER-22058,6 Ribbons Rustique Charm,2,11.85,12406,Germany
INV541068,GER-25345,Round Snack Boxes Set Of 4 Woodland,1,14.13,12525,Germany
INV541068,GER-26486,Woodland Charlotte Bag,6,4.37,12663,Germany
INV541068,GER-26520,Red Toadstool Led Night Light,7,15.48,12576,Germany
INV541069,GER-21978,Spaceboy Lunch Box,6,15.04,12481,Germany
INV541069,GER-24456,Plasters In Tin Spaceboy,9,16.69,12574,Germany
INV541069,GER-27025,6 Ribbons Rustique Charm,10,2.2,12460,Germany
INV541069,GER-23799,Postage,8,10.28,12435,Germany
INV541070,GER-22166,Red Toadstool Led Night Light,4,12.72,12633,Germany
INV541070,GER-20812,Regency Tea Strainer,7,17.36,12424,Germany
INV541070,GER-29150,Plasters In Tin Circus Camber,2,13.47,12487,Germany
INV541070,GER-29311,6 Ribbons Rustique Charm,7,6.48,12587,Germany
INV541071,GER-20163,Red Toadstool Led Night Light,8,3.18,12602,Germany
INV541071,GER-23923,6 Ribbons Rustique Charm,6,16.63,12451,Germany
INV541071,GER-20951,Plasters In Tin Spaceboy,8,11.65,12631,Germany
INV541071,GER-20937,Round Snack Boxes Set Of 4 Woodland,1,2.9,12629,Germany
INV541071,GER-20803,Spaceboy Lunch Box,4,17.01,12643,Germany
INV541072,GER-27289,Red Toadstool Led Night Light,1,5.64,12484,Germany
INV541072,GER-20726,Woodland Charlotte Bag,2,7.09,12442,Germany
INV541072,GER-22654,Plasters In Tin Circus Camber,2,12.51,12583,Germany
INV541073,GER-20095,Plasters In Tin Circus Camber,8,8.32,12636,Germany
INV541073,GER-24768,6 Ribbons Rustique Charm,3,3.43,12572,Germany
INV541073,GER-20081,Regency Tea Strainer,7,16.44,12591,Germany
INV541073,GER-23011,Woodland Charlotte Bag,9,2.3,12674,Germany
INV541074,GER-20343,Red Toadstool Led Night Light,2,9.3,12491,Germany
INV541074,GER-27292,Spaceboy Lunch Box,7,15.57,12483,Germany
INV541074,GER-26230,6 Ribbons Rustique Charm,10,11.65,12557,Germany
INV541074,GER-29846,Plasters In Tin Circus Camber,8,14.71,12438,Germany
INV541075,GER-21874,Woodland Charlotte Bag,9,4.21,12476,Germany
INV541075,GER-24571,Plasters In Tin Circus Camber,7,14.48,12449,Germany
INV541075,GER-20332,Ivory Kitchen Scales,7,3.57,12611,Germany
INV541076,GER-24047,Spaceboy Lunch Box,5,8.5,12550,Germany
INV541076,GER-23173,Ivory Kitchen Scales,4,14.4,12632,Germany
INV541076,GER-27972,Plasters In Tin Circus Camber,10,11.28,12449,Germany
INV541076,GER-21058,Woodland Charlotte Bag,9,4.42,12489,Germany
INV541077,GER-24717,6 Ribbons Rustique Charm,6,3.21,12625,Germany
INV541077,GER-28994,Postage,4,7.07,12492,Germany
INV541077,GER-26964,Plasters In Tin Circus Camber,6,2.34,12480,Germany
INV541077,GER-22559,Regency Tea Strainer,5,14.13,12422,Germany
INV541077,GER-22420,Ivory Kitchen Scales,4,8.11,12639,Germany
INV541078,GER-20159,Plasters In Tin Spaceboy,5,3.07,12687,Germany
INV541078,GER-27258,Plasters In Tin Circus Camber,3,3.34,12503,Germany
INV541078,GER-23911,Postage,10,12.19,12456,Germany
INV541078,GER-23201,Red Toadstool Led Night Light,5,17.74,12717,Germany
INV541078,GER-22717,Spaceboy Lunch Box,1,2.59,12673,Germany
INV541079,GER-22808,Round Snack Boxes Set Of 4 Woodland,9,5.23,12627,Germany
INV541079,GER-26625,Postage,6,16.68,12423,Germany
INV541079,GER-27723,Red Toadstool Led Night Light,2,13.72,12603,Germany
INV541079,GER-29998,Regency Tea Strainer,6,3.24,12483,Germany
INV541079,GER-21231,Plasters In Tin Spaceboy,7,1.95,12670,Germany
INV541080,GER-29609,Plasters In Tin Circus Camber,2,11.45,12569,Germany
INV541080,GER-29908,Red Toadstool Led Night Light,10,2.4,12598,Germany
INV541081,GER-21264,Postage,2,14.97,12413,Germany
INV541081,GER-22936,Red Toadstool Led Night Light,10,4.22,12662,Germany
INV541081,GER-22055,Plasters In Tin Spaceboy,3,6.96,12468,Germany
INV541082,GER-28199,Spaceboy Lunch Box,10,9.28,12681,Germany
INV541082,GER-21901,Woodland Charlotte Bag,1,7.84,12738,Germany
INV541083,GER-20783,Woodland Charlotte Bag,9,9.93,12510,Germany
INV541083,GER-24820,Spaceboy Lunch Box,7,15.88,12624,Germany
INV541084,GER-22951,6 Ribbons Rustique Charm,3,4.61,12612,Germany
INV541084,GER-20891,Red Toadstool Led Night Light,1,14.63,12674,Germany
INV541084,GER-28796,Plasters In Tin Spaceboy,9,16.11,12493,Germany
INV541084,GER-23615,Woodland Charlotte Bag,2,9.64,12617,Germany
INV541084,GER-28200,Spaceboy Lunch Box,5,13.44,12618,Germany
INV541085,GER-23938,Woodland Charlotte Bag,5,9.18,12618,Germany
INV541085,GER-27709,Plasters In Tin Spaceboy,4,12.33,12564,Germany
INV541086,GER-22808,Ivory Kitchen Scales,5,10.64,12587,Germany
INV541086,GER-25520,Red Toadstool Led Night Light,5,10.05,12404,Germany
INV541086,GER-23704,Regency Tea Strainer,7,2.27,12657,Germany
INV541086,GER-25172,Postage,9,2.15,12590,Germany
INV541086,GER-28933,Spaceboy Lunch Box,3,17.95,12668,Germany
INV541087,GER-23391,Red Toadstool Led Night Light,2,9.43,12683,Germany
INV541087,GER-28132,6 Ribbons Rustique Charm,3,17.98,12440,Germany
INV541087,GER-29822,Spaceboy Lunch Box,10,13.42,12492,Germany
INV541088,GER-25498,Postage,9,15.4,12680,Germany
INV541088,GER-21246,Regency Tea Strainer,8,9.15,12424,Germany
INV541088,GER-26747,6 Ribbons Rustique Charm,1,12.15,12503,Germany
INV541088,GER-22594,Plasters In Tin Circus Camber,7,15.44,12455,Germany
INV541089,GER-22960,Plasters In Tin Spaceboy,7,2.72,12618,Germany
INV541089,GER-22967,6 Ribbons Rustique Charm,6,2.98,12491,Germany
INV541090,GER-23663,Spaceboy Lunch Box,7,2.35,12597,Germany
INV541090,GER-20660,Red Toadstool Led Night Light,6,6.42,12650,Germany
INV541090,GER-24624,Ivory Kitchen Scales,10,5.82,12707,Germany
INV541090,GER-28544,6 Ribbons Rustique Charm,3,5.68,12411,Germany
INV541091,GER-24893,Plasters In Tin Spaceboy,7,14.5,12654,Germany
INV541091,GER-22296,Spaceboy Lunch Box,2,15.22,12621,Germany
INV541092,GER-29314,Ivory Kitchen Scales,4,2.63,12406,Germany
INV541092,GER-20600,Postage,3,14.76,12543,Germany
INV541092,GER-21570,Regency Tea Strainer,5,14.13,12448,Germany
INV541092,GER-21121,Woodland Charlotte Bag,7,4.38,12595,Germany
INV541093,GER-22048,Woodland Charlotte Bag,8,8.7,12442,Germany
INV541093,GER-29965,Regency Tea Strainer,8,14.19,12440,Germany
INV541094,GER-24624,6 Ribbons Rustique Charm,7,3.34,12478,Germany
INV541094,GER-26691,Postage,9,4.55,12695,Germany
INV541094,GER-21352,Plasters In Tin Circus Camber,10,10.82,12665,Germany
INV541095,GER-20390,6 Ribbons Rustique Charm,10,4.45,12662,Germany
INV541095,GER-29197,Red Toadstool Led Night Light,8,10.29,12669,Germany
INV541095,GER-25717,Round Snack Boxes Set Of 4 Woodland,9,8.47,12659,Germany
INV541095,GER-27766,Woodland Charlotte Bag,8,7.42,12434,Germany
INV541096,GER-26870,Spaceboy Lunch Box,10,17.14,12525,Germany
INV541096,GER-26028,Plasters In Tin Circus Camber,8,2.59,12429,Germany
INV541097,GER-28725,Woodland Charlotte Bag,4,13.25,12551,Germany
INV541097,GER-23985,6 Ribbons Rustique Charm,5,9.54,12673,Germany
INV541097,GER-20625,Regency Tea Strainer,9,16.73,12409,Germany
INV541097,GER-24108,Postage,7,6.05,12473,Germany
INV541097,GER-29252,Red Toadstool Led Night Light,9,4.08,12746,Germany
INV541098,GER-29555,Plasters In Tin Circus Camber,2,7.63,12413,Germany
INV541098,GER-27211,Regency Tea Strainer,3,6.65,12533,Germany
INV541098,GER-20515,Spaceboy Lunch Box,10,15.92,12680,Germany
INV541098,GER-27501,Plasters In Tin Spaceboy,6,8.47,12645,Germany
INV541099,GER-29092,Red Toadstool Led Night Light,8,17.29,12476,Germany
INV541099,GER-27264,Woodland Charlotte Bag,1,4.67,12667,Germany
INV541100,GER-20997,Plasters In Tin Spaceboy,4,3.36,12424,Germany
INV541100,GER-21610,Plasters In Tin Circus Camber,7,8.84,12479,Germany
INV541100,GER-24268,Round Snack Boxes Set Of 4 Woodland,4,14.51,12582,Germany
INV541100,GER-22245,Ivory Kitchen Scales,5,17.6,12450,Germany
INV541101,GER-25785,6 Ribbons Rustique Charm,6,8.34,12538,Germany
INV541101,GER-24750,Round Snack Boxes Set Of 4 Woodland,7,7.73,12659,Germany
INV541101,GER-25518,Postage,7,13.1,12572,Germany
INV541102,GER-27401,Ivory Kitchen Scales,7,16.07,12420,Germany
INV541102,GER-25171,Postage,10,15.4,12702,Germany
INV541102,GER-23484,Plasters In Tin Spaceboy,3,4.86,12563,Germany
INV541102,GER-28426,Plasters In Tin Circus Camber,10,16.4,12746,Germany
INV541103,GER-24086,Ivory Kitchen Scales,1,8.97,12729,Germany
INV541103,GER-29305,Spaceboy Lunch Box,5,7.51,12490,Germany
INV541103,GER-21314,Round Snack Boxes Set Of 4 Woodland,5,3.5,12465,Germany
INV541104,GER-24149,Round Snack Boxes Set Of 4 Woodland,8,8.59,12595,Germany
INV541104,GER-28623,Plasters In Tin Spaceboy,2,15.07,12450,Germany
INV541104,GER-23075,Spaceboy Lunch Box,3,3.72,12517,Germany
INV541104,GER-22458,Plasters In Tin Circus Camber,5,2.03,12651,Germany
INV541104,GER-28265,6 Ribbons Rustique Charm,8,4.43,12624,Germany
INV541105,GER-26695,Spaceboy Lunch Box,9,7.51,12711,Germany
INV541105,GER-25586,Plasters In Tin Circus Camber,5,9.79,12723,Germany
INV541105,GER-25666,Woodland Charlotte Bag,2,16.54,12482,Germany
INV541106,GER-21547,Woodland Charlotte Bag,8,2.26,12535,Germany
INV541106,GER-23499,Plasters In Tin Circus Camber,5,16.02,12494,Germany
INV541107,GER-22075,Plasters In Tin Circus Camber,2,14.67,12552,Germany
INV541107,GER-22400,Round Snack Boxes Set Of 4 Woodland,1,12.99,12623,Germany
INV541108,GER-20661,Woodland Charlotte Bag,4,16.66,12538,Germany
INV541108,GER-21838,Red Toadstool Led Night Light,6,4.5,12560,Germany
INV541108,GER-29237,Regency Tea Strainer,5,13.68,12616,Germany
INV541109,GER-23950,Plasters In Tin Spaceboy,1,16.73,12743,Germany
INV541109,GER-29271,Postage,1,15.62,12728,Germany
INV541110,GER-24626,Red Toadstool Led Night Light,2,9.08,12545,Germany
INV541110,GER-24255,Regency Tea Strainer,10,9.81,12529,Germany
INV541110,GER-21134,Postage,4,8.2,12444,Germany
INV541111,GER-27296,Regency Tea Strainer,2,13.3,12544,Germany
INV541111,GER-25353,Red Toadstool Led Night Light,3,4.42,12626,Germany
INV541111,GER-22323,Ivory Kitchen Scales,8,3.05,12595,Germany
INV541111,GER-25601,Postage,10,17.9,12436,Germany
INV541111,GER-20447,Plasters In Tin Circus Camber,8,6.72,12412,Germany
INV541112,GER-29956,Spaceboy Lunch Box,4,16.92,12556,Germany
INV541112,GER-29200,Postage,5,10.52,12626,Germany
INV541113,GER-26855,Round Snack Boxes Set Of 4 Woodland,8,14.09,12434,Germany
INV541113,GER-26185,Postage,8,17.78,12601,Germany
INV541113,GER-29733,Spaceboy Lunch Box,2,15.82,12528,Germany
INV541114,GER-21861,Plasters In Tin Circus Camber,6,5.67,12678,Germany
INV541114,GER-24749,Plasters In Tin Spaceboy,6,8.77,12514,Germany
INV541114,GER-26581,6 Ribbons Rustique Charm,3,2.38,12435,Germany
INV541115,GER-23569,Red Toadstool Led Night Light,5,4.81,12494,Germany
INV541115,GER-25453,Ivory Kitchen Scales,1,16.23,12696,Germany
INV541115,GER-25702,Plasters In Tin Spaceboy,2,2.66,12556,Germany
INV541115,GER-24661,Plasters In Tin Circus Camber,8,16.92,12505,Germany
INV541115,GER-23271,Regency Tea Strainer,10,17.45,12435,Germany
INV541116,GER-20387,Round Snack Boxes Set Of 4 Woodland,6,15.01,12456,Germany
INV541116,GER-26598,6 Ribbons Rustique Charm,9,13.57,12603,Germany
INV541116,GER-20701,Plasters In Tin Spaceboy,10,2.41,12636,Germany
INV541116,GER-25921,Postage,8,8.6,12478,Germany
INV541117,GER-20200,6 Ribbons Rustique Charm,2,9.16,12616,Germany
INV541117,GER-24597,Round Snack Boxes Set Of 4 Woodland,1,17.94,12655,Germany
INV541117,GER-24124,Plasters In Tin Circus Camber,7,8.03,12747,Germany
INV541118,GER-26634,Round Snack Boxes Set Of 4 Woodland,4,6.51,12706,Germany
INV541118,GER-27545,Postage,7,11.02,12418,Germany
INV541118,GER-28971,Spaceboy Lunch Box,4,11.77,12743,Germany
INV541118,GER-22440,Regency Tea Strainer,10,13.96,12716,Germany
INV541119,GER-23271,Red Toadstool Led Night Light,10,10.16,12602,Germany
INV541119,GER-23952,Spaceboy Lunch Box,10,14.89,12461,Germany
INV541119,GER-23010,Woodland Charlotte Bag,1,6.14,12571,Germany
INV541120,GER-24840,Spaceboy Lunch Box,4,16.26,12436,Germany
INV541120,GER-21133,Woodland Charlotte Bag,1,13.49,12532,Germany
INV541120,GER-26881,Plasters In Tin Spaceboy,8,5.17,12537,Germany
INV541121,GER-26282,Ivory Kitchen Scales,5,17.76,12619,Germany
INV541121,GER-22340,Plasters In Tin Spaceboy,1,4.06,12400,Germany
INV541121,GER-20763,Woodland Charlotte Bag,7,4.09,12518,Germany
INV541121,GER-27916,Round Snack Boxes Set Of 4 Woodland,7,15.79,12679,Germany
INV541121,GER-24050,Red Toadstool Led Night Light,2,16.98,12522,Germany
INV541122,GER-27861,6 Ribbons Rustique Charm,1,9.59,12409,Germany
INV541122,GER-20301,Red Toadstool Led Night Light,7,17.33,12612,Germany
INV541122,GER-28601,Plasters In Tin Spaceboy,6,14.26,12482,Germany
INV541123,GER-28567,Red Toadstool Led Night Light,1,14.69,12533,Germany
INV541123,GER-20976,Plasters In Tin Spaceboy,6,16.53,12619,Germany
INV541123,GER-21361,Spaceboy Lunch Box,5,13.93,12612,Germany
INV541123,GER-23015,Round Snack Boxes Set Of 4 Woodland,4,7.09,12410,Germany
INV541124,GER-27913,Plasters In Tin Circus Camber,3,15.93,12475,Germany
INV541124,GER-23368,Spaceboy Lunch Box,2,2.4,12611,Germany
INV541125,GER-20202,Regency Tea Strainer,8,9.96,12420,Germany
INV541125,GER-23621,Plasters In Tin Spaceboy,4,12.71,12470,Germany
INV541125,GER-27442,Ivory Kitchen Scales,7,10.74,12507,Germany
INV541125,GER-25145,Plasters In Tin Circus Camber,3,13.09,12477,Germany
INV541125,GER-21772,6 Ribbons Rustique Charm,7,2.88,12642,Germany
INV541126,GER-28245,6 Ribbons Rustique Charm,7,14.47,12550,Germany
INV541126,GER-29732,Plasters In Tin Spaceboy,3,11.16,12412,Germany
INV541127,GER-26012,6 Ribbons Rustique Charm,3,11.54,12582,Germany
INV541127,GER-28045,Red Toadstool Led Night Light,2,14.4,12424,Germany
INV541127,GER-29020,Ivory Kitchen Scales,7,15.49,12490,Germany
INV541127,GER-27480,Round Snack Boxes Set Of 4 Woodland,5,4.46,12412,Germany
INV541127,GER-23529,Spaceboy Lunch Box,8,2.02,12549,Germany
INV541128,GER-21810,Plasters In Tin Spaceboy,1,17.76,12697,Germany
INV541128,GER-28833,Spaceboy Lunch Box,8,6.96,12590,Germany
INV541128,GER-24717,Plasters In Tin Circus Camber,6,3.58,12460,Germany
INV541129,GER-29949,Plasters In Tin Spaceboy,3,6.18,12723,Germany
INV541129,GER-24000,Red Toadstool Led Night Light,8,8.03,12457,Germany
INV541129,GER-22454,6 Ribbons Rustique Charm,3,11.48,12494,Germany
INV541129,GER-29466,Postage,5,15.9,12543,Germany
INV541129,GER-22478,Round Snack Boxes Set Of 4 Woodland,6,14.19,12473,Germany
INV541130,GER-24882,Spaceboy Lunch Box,7,12.79,12599,Germany
INV541130,GER-21221,Round Snack Boxes Set Of 4 Woodland,3,8.04,12515,Germany
INV541130,GER-25242,Red Toadstool Led Night Light,2,8.1,12524,Germany
INV541130,GER-26129,Regency Tea Strainer,5,16.18,12520,Germany
INV541130,GER-23627,Plasters In Tin Circus Camber,4,4.91,12607,Germany
INV541131,GER-26628,Woodland Charlotte Bag,3,16.55,12446,Germany
INV541131,GER-24969,Spaceboy Lunch Box,3,8.1,12449,Germany
INV541131,GER-25033,Plasters In Tin Circus Camber,6,16.12,12566,Germany
INV541131,GER-29320,Regency Tea Strainer,10,9.56,12445,Germany
INV541132,GER-28609,Red Toadstool Led Night Light,2,15.04,12654,Germany
INV541132,GER-27697,Regency Tea Strainer,3,3.15,12641,Germany
INV541133,GER-28765,Regency Tea Strainer,9,16.04,12558,Germany
INV541133,GER-23088,Postage,1,17.94,12642,Germany
INV541133,GER-27213,6 Ribbons Rustique Charm,6,16.0,12415,Germany
INV541133,GER-20965,Woodland Charlotte Bag,2,9.1,12750,Germany
INV541134,GER-27040,Regency Tea Strainer,2,12.54,12726,Germany
INV541134,GER-25871,6 Ribbons Rustique Charm,3,12.6,12570,Germany
INV541134,GER-27401,Round Snack Boxes Set Of 4 Woodland,7,10.64,12534,Germany
INV541134,GER-22603,Woodland Charlotte Bag,6,11.53,12733,Germany
INV541135,GER-24861,Regency Tea Strainer,8,16.77,12401,Germany
INV541135,GER-24928,Round Snack Boxes Set Of 4 Woodland,5,6.29,12516,Germany
INV541135,GER-21521,Woodland Charlotte Bag,5,10.3,12405,Germany
INV541135,GER-28994,Red Toadstool Led Night Light,1,11.42,12513,Germany
INV541136,GER-29718,Ivory Kitchen Scales,2,2.83,12653,Germany
INV541136,GER-21040,Red Toadstool Led Night Light,1,6.22,12633,Germany
INV541136,GER-29553,Spaceboy Lunch Box,4,2.19,12696,Germany
INV541136,GER-25402,Round Snack Boxes Set Of 4 Woodland,4,15.23,12643,Germany
INV541136,GER-25660,6 Ribbons Rustique Charm,7,7.66,12418,Germany
INV541137,GER-28685,Red Toadstool Led Night Light,7,9.38,12661,Germany
INV541137,GER-20718,Plasters In Tin Circus Camber,1,11.79,12729,Germany
INV541137,GER-28126,Round Snack Boxes Set Of 4 Woodland,3,6.04,12710,Germany
INV541137,GER-22448,Regency Tea Strainer,9,8.54,12471,Germany
INV541138,GER-25162,Woodland Charlotte Bag,3,12.72,12709,Germany
INV541138,GER-29886,Regency Tea Strainer,3,15.7,12467,Germany
INV541138,GER-27101,Plasters In Tin Circus Camber,5,10.49,12454,Germany
INV541138,GER-20575,Round Snack Boxes Set Of 4 Woodland,6,2.54,12532,Germany
INV541138,GER-20488,Ivory Kitchen Scales,3,11.84,12607,Germany
INV541139,GER-24454,Red Toadstool Led Night Light,7,9.64,12531,Germany
INV541139,GER-21523,Regency Tea Strainer,9,10.51,12458,Germany
INV541139,GER-23175,Woodland Charlotte Bag,7,13.11,12400,Germany
INV541139,GER-24529,Round Snack Boxes Set Of 4 Woodland,8,13.52,12547,Germany
INV541140,GER-27897,Spaceboy Lunch Box,4,13.28,12569,Germany
INV541140,GER-21035,Plasters In Tin Circus Camber,7,12.01,12529,Germany
INV541140,GER-27756,Postage,7,2.73,12493,Germany
INV541140,GER-25121,Woodland Charlotte Bag,10,4.87,12405,Germany
INV541141,GER-27467,Ivory Kitchen Scales,2,8.52,12671,Germany
INV541141,GER-29538,Plasters In Tin Spaceboy,7,11.84,12435,Germany
INV541142,GER-24378,Plasters In Tin Spaceboy,5,10.42,12641,Germany
INV541142,GER-28742,Woodland Charlotte Bag,3,13.6,12441,Germany
INV541142,GER-29278,Postage,3,3.05,12412,Germany
INV541142,GER-20984,Round Snack Boxes Set Of 4 Woodland,10,3.76,12750,Germany
INV541143,GER-22433,Woodland Charlotte Bag,9,10.47,12604,Germany
INV541143,GER-28200,6 Ribbons Rustique Charm,8,6.86,12537,Germany
INV541143,GER-20761,Red Toadstool Led Night Light,10,3.01,12485,Germany
INV541144,GER-28689,Plasters In Tin Circus Camber,9,13.1,12555,Germany
INV541144,GER-23898,Regency Tea Strainer,9,11.39,12731,Germany
INV541144,GER-24657,Round Snack Boxes Set Of 4 Woodland,6,17.2,12616,Germany
INV541144,GER-29334,Ivory Kitchen Scales,5,5.28,12430,Germany
INV541144,GER-20551,6 Ribbons Rustique Charm,5,14.71,12681,Germany
INV541145,GER-29747,Plasters In Tin Spaceboy,6,4.8,12587,Germany
INV541145,GER-20546,Woodland Charlotte Bag,4,4.48,12566,Germany
INV541146,GER-24520,Plasters In Tin Circus Camber,2,11.3,12491,Germany
INV541146,GER-27998,Round Snack Boxes Set Of 4 Woodland,10,3.27,12744,Germany
INV541146,GER-27588,6 Ribbons Rustique Charm,8,9.93,12622,Germany
INV541146,GER-28328,Plasters In Tin Spaceboy,4,4.51,12406,Germany
INV541147,GER-23419,Ivory Kitchen Scales,5,9.68,12523,Germany
INV541147,GER-20413,Plasters In Tin Spaceboy,5,6.81,12642,Germany
INV541148,GER-29763,Plasters In Tin Spaceboy,7,11.29,12654,Germany
INV541148,GER-26867,Spaceboy Lunch Box,10,15.49,12482,Germany
INV541148,GER-21871,Regency Tea Strainer,5,10.07,12725,Germany
INV541148,GER-29720,Postage,2,17.68,12427,Germany
INV541149,GER-27301,Plasters In Tin Circus Camber,8,16.05,12717,Germany
INV541149,GER-21881,Plasters In Tin Spaceboy,10,6.88,12683,Germany
INV541149,GER-28236,6 Ribbons Rustique Charm,7,3.79,12505,Germany
INV541150,GER-29561,Woodland Charlotte Bag,8,4.97,12657,Germany
INV541150,GER-26405,Regency Tea Strainer,4,8.89,12606,Germany
INV541150,GER-28198,Ivory Kitchen Scales,8,15.59,12514,Germany
INV541150,GER-27114,Plasters In Tin Spaceboy,10,16.69,12609,Germany
INV541150,GER-27048,Red Toadstool Led Night Light,3,17.5,12461,Germany
INV541151,GER-24885,Red Toadstool Led Night Light,3,14.63,12694,Germany
INV541151,GER-27746,Postage,8,2.88,12733,Germany
INV541151,GER-27737,Ivory Kitchen Scales,6,4.97,12528,Germany
INV541151,GER-20865,Regency Tea Strainer,5,11.42,12654,Germany
INV541152,GER-26998,Ivory Kitchen Scales,10,7.02,12693,Germany
INV541152,GER-24529,Postage,8,4.12,12704,Germany
INV541152,GER-20811,Round Snack Boxes Set Of 4 Woodland,4,9.12,12730,Germany
INV541152,GER-27889,Red Toadstool Led Night Light,2,13.46,12510,Germany
INV541152,GER-22083,Plasters In Tin Spaceboy,8,6.31,12562,Germany
INV541153,GER-28865,Ivory Kitchen Scales,4,8.06,12437,Germany
INV541153,GER-25061,6 Ribbons Rustique Charm,1,7.55,12692,Germany
INV541153,GER-29001,Postage,2,10.35,12643,Germany
INV541153,GER-20852,Plasters In Tin Circus Camber,3,14.56,12413,Germany
INV541153,GER-24777,Spaceboy Lunch Box,4,10.38,12428,Germany
INV541154,GER-22598,Round Snack Boxes Set Of 4 Woodland,10,17.49,12453,Germany
INV541154,GER-23817,6 Ribbons Rustique Charm,1,6.73,12706,Germany
INV541154,GER-21223,Red Toadstool Led Night Light,8,6.21,12548,Germany
INV541154,GER-27918,Postage,6,14.75,12549,Germany
INV541154,GER-29052,Plasters In Tin Spaceboy,10,11.04,12407,Germany
INV541155,GER-25194,6 Ribbons Rustique Charm,8,4.82,12749,Germany
INV541155,GER-25418,Plasters In Tin Spaceboy,2,4.97,12683,Germany
INV541155,GER-22491,Plasters In Tin Circus Camber,2,4.33,12429,Germany
INV541156,GER-24742,Plasters In Tin Spaceboy,2,12.29,12507,Germany
INV541156,GER-29125,Spaceboy Lunch Box,1,17.76,12675,Germany
INV541156,GER-20656,Red Toadstool Led Night Light,9,15.86,12608,Germany
INV541157,GER-26685,Red Toadstool Led Night Light,9,11.06,12640,Germany
INV541157,GER-22080,Spaceboy Lunch Box,8,11.5,12491,Germany
INV541157,GER-29377,Plasters In Tin Circus Camber,4,8.76,12422,Germany
INV541158,GER-23142,Red Toadstool Led Night Light,6,8.27,12730,Germany
INV541158,GER-21513,Postage,6,12.02,12529,Germany
INV541158,GER-22026,Woodland Charlotte Bag,7,3.84,12485,Germany
INV541159,GER-20114,Plasters In Tin Circus Camber,9,15.98,12676,Germany
INV541159,GER-23400,Postage,6,3.13,12736,Germany
INV541159,GER-25997,Ivory Kitchen Scales,9,2.86,12612,Germany
INV541159,GER-20037,Red Toadstool Led Night Light,4,11.79,12712,Germany
INV541159,GER-20717,Spaceboy Lunch Box,4,8.95,12454,Germany
